Angelica,Herbs and Spices,Herbs
Abalone,Aquatic foods,Mollusks
Abiyuch,Fruits,Tropical fruits
Acerola,Fruits,Tropical fruits
Acorn,Nuts,Nuts
Adobo,Baking goods,Seasonings
Adzuki,Pulses,Beans
Agar,Aquatic foods,Seaweed
Agave,Vegetables,Other vegetables
agent,Baking goods,Baking goods
Akutaq,Confectioneries,Desserts
Alaska,Aquatic foods,Fishes
Alaska,Fruits,Berries
Alaska,Aquatic foods,Fishes
Alaska,Vegetables,Stalk vegetables
Albacore,Aquatic foods,Fishes
Alcoholic,Beverages,Alcoholic beverages
alcoholic,Beverages,Alcoholic beverages
Alfalfa,Herbs and Spices,Herbs
algae,Aquatic foods,Seaweed
Allium,Vegetables,Onion-family vegetables
Allspice,Herbs and Spices,Spices
Almond,Nuts,Nuts
Alpine,Vegetables,Root vegetables
Amaranth,Herbs and Spices,Herbs
amberjack,Aquatic foods,Fishes
American,Fruits,Berries
American,Aquatic foods,Fishes
American,Aquatic foods,Crustaceans
American,Vegetables,Shoot vegetables
American,Aquatic foods,Fishes
Anatidae,Animal foods,Poultry
Anchovy,Aquatic foods,Fishes
anchovy,Aquatic foods,Fishes
Anguilliformes,Aquatic foods,Fishes
Animal,Animal foods,Animal foods
animal,Fats and oils,Animal fats
Anise,Herbs and Spices,Herbs
anise,Herbs and Spices,Spices
Annual,Cereals and cereal products,Cereals
annuum,Vegetables,Fruit vegetables
Antelope,Animal foods,Venison
Apple,Fruits,Pomes
Apple,Beverages,Fermented beverages
apple,Fruits,Tropical fruits
apple,Fruits,Tropical fruits
apple,Fruits,Tropical fruits
apple,Fruits,Tropical fruits
apple,Fruits,Pomes
Apricot,Fruits,Drupes
Arabica,Coffee and coffee products,Coffee
Arctic,Fruits,Berries
Arctic,Animal foods,Rodents
Arepa,Dishes,Latin American cuisine
Arrowhead,Vegetables,Tubers
Arrowroot,Vegetables,Tubers
artichoke,Vegetables,Shoot vegetables
artichoke,Vegetables,Tubers
Ascidians,Aquatic foods,Other aquatic foods
Asian,Fruits,Pomes
Asparagus,Vegetables,Shoot vegetables
Atlantic,Aquatic foods,Fishes
Atlantic,Aquatic foods,Fishes
Atlantic,Aquatic foods,Fishes
Atlantic,Aquatic foods,Fishes
Atlantic,Aquatic foods,Fishes
Atlantic,Aquatic foods,Fishes
Atlantic,Aquatic foods,Fishes
Atlantic,Aquatic foods,Fishes
Atlantic,Aquatic foods,Fishes
Avocado,Vegetables,Fruit vegetables
Babassu,Herbs and Spices,Oilseed crops
Baby,Baby foods,Baby foods
baccatum,Vegetables,Fruit vegetables
Bagel,Cereals and cereal products,Leavened breads
Baked,Dishes,Other dishes
Baked,Dishes,Potato dishes
balm,Herbs and Spices,Herbs
Bamboo,Vegetables,Shoot vegetables
Banana,Fruits,Tropical fruits
bar,Snack foods,Snack foods
bar,Confectioneries,Candies
Barley,Cereals and cereal products,Cereals
basil,Herbs and Spices,Herbs
bass,Aquatic foods,Fishes
Bass,Aquatic foods,Fishes
bay,Herbs and Spices,Herbs
Bayberry,Fruits,Berries
bayberry,Fruits,Berries
Bean,Pulses,Beans
bean,Soy,Soy
bean,Pulses,Beans
bean,Pulses,Beans
bean,Pulses,Beans
bean,Cocoa and cocoa products,Cocoa
bean,Pulses,Beans
bean,Pulses,Beans
bean,Pulses,Beans
bean,Pulses,Beans
bean,Pulses,Beans
bean,Pulses,Beans
bean,Pulses,Beans
bean,Pulses,Beans
bean,Pulses,Peas
bean,Pulses,Beans
bean,Pulses,Beans
beans,Dishes,Other dishes
bear,Animal foods,Other mammals
bear,Animal foods,Other mammals
bear,Animal foods,Other mammals
Bearded,Aquatic foods,Pinnipeds
Beaver,Animal foods,Rodents
Beech,Nuts,Nuts
Beef,Animal foods,Bovines
Beefalo,Animal foods,Bovines
Beer,Beverages,Fermented beverages
beet,Vegetables,Leaf vegetables
beetroot,Vegetables,Root vegetables
bell,Vegetables,Fruit vegetables
bell,Vegetables,Fruit vegetables
bell,Vegetables,Fruit vegetables
bell,Vegetables,Fruit vegetables
Beluga,Aquatic foods,Cetaceans
Berry,Beverages,Fermented beverages
berry,Fruits,Berries
berry,Fruits,Berries
beverage,Beverages,Other beverages
beverage,Beverages,Alcoholic beverages
beverage,Unclassified,Unclassified
Beverages,Beverages,Beverages
beverages,Beverages,Alcoholic beverages
Bilberry,Fruits,Berries
bilberry,Fruits,Berries
Biscuit,Cereals and cereal products,Cereal products
Bison,Animal foods,Bovines
Bitter,Gourds,Gourds
Bivalvia,Aquatic foods,Mollusks
Black,Fruits,Berries
Black,Fruits,Berries
Black,Nuts,Nuts
Black,Fruits,Berries
Black,Fruits,Berries
Black,Fruits,Berries
Black,Fruits,Berries
Black,Vegetables,Cabbages
Black,Vegetables,Root vegetables
Black,Animal foods,Other mammals
Black,Vegetables,Root vegetables
Black-eyed,Pulses,Peas
Blackberry,Fruits,Berries
blackberry,Fruits,Berries
Blackcurrant,Fruits,Berries
blackfish,Aquatic foods,Fishes
Blue,Aquatic foods,Crustaceans
Blue,Aquatic foods,Mollusks
Blue,Aquatic foods,Fishes
Blueberry,Fruits,Berries
blueberry,Fruits,Berries
blueberry,Fruits,Berries
blueberry,Fruits,Berries
blueberry,Fruits,Berries
blueberry,Fruits,Berries
blueberry,Fruits,Berries
bluefin,Aquatic foods,Fishes
Bluefish,Aquatic foods,Fishes
boar,Animal foods,Swine
Bog,Fruits,Berries
Bonito,Aquatic foods,Fishes
Borage,Herbs and Spices,Oilseed crops
bouillon,Baking goods,Baking goods
Bowhead,Aquatic foods,Cetaceans
Boysenberry,Fruits,Berries
Brassicas,Vegetables,Brassicas
Brazil,Nuts,Nuts
bread,Cereals and cereal products,Other breads
bread,Cereals and cereal products,Flat breads
bread,Cereals and cereal products,Flat breads
bread,Cereals and cereal products,Bread products
bread,Cereals and cereal products,Flat breads
bread,Cereals and cereal products,Leavened breads
bread,Cereals and cereal products,Leavened breads
bread,Cereals and cereal products,Leavened breads
bread,Cereals and cereal products,Other breads
bread,Cereals and cereal products,Leavened breads
bread,Cereals and cereal products,Leavened breads
bread,Cereals and cereal products,Sweet breads
Breadfruit,Fruits,Tropical fruits
Breadnut,Herbs and Spices,Other seeds
Breakfast,Cereals and cereal products,Cereal products
Breakfast,Dishes,Sandwiches
bream,Aquatic foods,Fishes
Broad,Pulses,Beans
Broad,Aquatic foods,Fishes
Broccoli,Vegetables,Cabbages
broccoli,Vegetables,Cabbages
Brown,Animal foods,Other mammals
Brussel,Vegetables,Cabbages
buckwheat,Cereals and cereal products,Cereals
buckwheat,Cereals and cereal products,Cereals
Buffalo,Fruits,Berries
Buffalo,Animal foods,Bovines
Bulgur,Cereals and cereal products,Cereal products
Burbot,Aquatic foods,Fishes
Burdock,Vegetables,Root vegetables
burger,Dishes,Sandwiches
burger,Dishes,Sandwiches
Burrito,Dishes,Tex-Mex cuisine
Butter,Milk and milk products,Other milk products
Butter,Baking goods,Substitutes
butter,Cocoa and cocoa products,Cocoa products
butterbur,Vegetables,Other vegetables
Butterfat,Milk and milk products,Other milk products
butterfish,Aquatic foods,Fishes
Buttermilk,Milk and milk products,Fermented milks
Butternut,Nuts,Nuts
Butternut,Gourds,Gourds
C.,Vegetables,Fruit vegetables
C.,Vegetables,Fruit vegetables
C.,Vegetables,Fruit vegetables
C.,Vegetables,Fruit vegetables
Cabbage,Vegetables,Cabbages
cabbage,Vegetables,Cabbages
cabbage,Vegetables,Cabbages
cabbage,Vegetables,Cabbages
cabbage,Vegetables,Leaf vegetables
cabbage,Vegetables,Cabbages
cabbage,Vegetables,Cabbages
cabbage,Vegetables,Cabbages
cabbage,Vegetables,Cabbages
cabbage,Vegetables,Cabbages
Cake,Confectioneries,Desserts
cake,Dishes,Asian cuisine
Calabash,Gourds,Gourds
Camellia,Herbs and Spices,Oilseed crops
camomile,Herbs and Spices,Herbs
camomile,Herbs and Spices,Herbs
Canada,Fruits,Berries
Candy,Confectioneries,Candies
candy,Confectioneries,Candies
Canola,Herbs and spices,Oilseed crops
Capers,Herbs and Spices,Spices
Capsicum,Vegetables,Fruit vegetables
Caraway,Herbs and Spices,Spices
Cardamom,Herbs and Spices,Spices
Cardoon,Vegetables,Shoot vegetables
Caribou,Animal foods,Venison
Carob,Vegetables,Other vegetables
Carp,Aquatic foods,Fishes
carp,Aquatic foods,Fishes
Carrot,Vegetables,Root vegetables
carrot,Vegetables,Root vegetables
Cascade,Fruits,Berries
Casein,Milk and milk products,Other milk products
Cashew,Nuts,Nuts
Cassava,Vegetables,Tubers
Catfish,Aquatic foods,Fishes
catfish,Aquatic foods,Fishes
Catjang,Pulses,Peas
cattail,Vegetables,Other vegetables
Cattle,Animal foods,Bovines
Cauliflower,Vegetables,Cabbages
Celeriac,Vegetables,Root vegetables
Celery,Vegetables,Stalk vegetables
Celery,Herbs and Spices,Herbs
celery,Herbs and Spices,Spices
cereal,Cereals and cereal products,Cereal products
cereal,Cereals and cereal products,Cereal products
cereal,Cereals and cereal products,Cereals and cereal products
Cereals,Cereals and cereal products,Cereals and cereal products
Cetacea,Aquatic foods,Cetaceans
Ceylon,Herbs and Spices,Spices
Channel,Aquatic foods,Fishes
Chanterelle,Vegetables,Mushrooms
chard,Vegetables,Leaf vegetables
Charr,Aquatic foods,Fishes
Chayote,Gourds,Gourds
Cheese,Milk and milk products,Fermented milk products
cheese,Milk and milk products,Fermented milk products
cheese,Dishes,Pasta dishes
Cherimoya,Fruits,Tropical fruits
Cherry,Vegetables,Fruit vegetables
Cherry,Fruits,Drupes
cherry,Fruits,Drupes
cherry,Fruits,Drupes
cherry,Fruits,Berries
Chervil,Herbs and Spices,Spices
Chestnut,Nuts,Nuts
chestnut,Nuts,Nuts
chestnut,Nuts,Nuts
chestnut,Nuts,Nuts
chestnut,Vegetables,Other vegetables
Chewing,Confectioneries,Candies
Chia,Herbs and Spices,Other seeds
Chicken,Animal foods,Poultry
Chickpea,Pulses,Peas
Chicory,Vegetables,Root vegetables
Chicory,Vegetables,Leaf vegetables
Chicory,Vegetables,Root vegetables
Chili,Dishes,Tex-Mex cuisine
Chimichanga,Dishes,Mexican cuisine
chinense,Vegetables,Fruit vegetables
Chinese,Vegetables,Cabbages
Chinese,Vegetables,Cabbages
Chinese,Herbs and Spices,Spices
Chinese,Herbs and Spices,Herbs
Chinese,Vegetables,Cabbages
Chinese,Nuts,Nuts
Chinese,Vegetables,Other vegetables
Chinese,Fruits,Berries
Chinook,Aquatic foods,Fishes
chip,Snack foods,Snack foods
chip,Snack foods,Snack foods
chip,Snack foods,Snack foods
chiton,Aquatic foods,Mollusks
Chives,Herbs and Spices,Herbs
chives,Herbs and Spices,Herbs
Chocolate,Confectioneries,Spreads
Chocolate,Cocoa and cocoa products,Cocoa products
Chocolate,Confectioneries,Desserts
chocolate,Cocoa and cocoa products,Cocoa products
chokeberry,Fruits,Berries
chokecherry,Fruits,Drupes
choy,Vegetables,Cabbages
chrysanthemum,Vegetables,Leaf vegetables
Chum,Aquatic foods,Fishes
Cichlidae,Aquatic foods,Fishes
cider,Beverages,Fermented beverages
Cinnamon,Herbs and Spices,Spices
cinnamon,Herbs and Spices,Spices
cinnamon,Herbs and Spices,Spices
Cisco,Aquatic foods,Fishes
Citrus,Fruits,Citrus
Clam,Aquatic foods,Mollusks
Clawed,Aquatic foods,Crustaceans
Clementine,Fruits,Citrus
Climbing,Pulses,Beans
Cloud,Vegetables,Mushrooms
Cloudberry,Fruits,Berries
Cloves,Herbs and Spices,Spices
Clupeinae,Aquatic foods,Fishes
Coalfish,Aquatic foods,Fishes
Cock,Animal foods,Poultry
cockle,Aquatic foods,Mollusks
Cocktail,Beverages,Alcoholic beverages
Cocoa,Cocoa and cocoa products,Cocoa
Cocoa,Cocoa and cocoa products,Cocoa products
Cocoa,Cocoa and cocoa products,Cocoa products
Cocoa,Cocoa and cocoa products,Cocoa products
Cocoa,Cocoa and cocoa products,Cocoa and cocoa products
cocoa,Cocoa and cocoa products,Cocoa products
cocoa,Cocoa and cocoa products,Cocoa and cocoa products
Coconut,Fruits,Tropical fruits
cod,Aquatic foods,Fishes
cod,Aquatic foods,Fishes
Cod,Aquatic foods,Fishes
cod,Aquatic foods,Fishes
Coffee,Coffee and coffee products,Coffee
Coffee,Baking goods,Substitutes
Coffee,Coffee and coffee products,Coffee products
Coffee,Coffee and coffee products,Coffee and coffee products
coffee,Coffee and coffee products,Coffee
coffee,Coffee and coffee products,Coffee
coffee,Coffee and coffee products,Coffee and coffee products
Coho,Aquatic foods,Fishes
Cold,Dishes,Ground meat
Colorado,Nuts,Nuts
Columbidae,Animal foods,Poultry
comber,Aquatic foods,Fishes
Conch,Aquatic foods,Mollusks
Condensed,Milk and milk products,Other milk products
cone,Baking goods,Wrappers
Cooking,Baking goods,Baking goods
Coriander,Herbs and Spices,Herbs
Corn,Cereals and cereal products,Cereals
Corn,Vegetables,Leaf vegetables
Corn,Snack foods,Snack foods
Corn,Cereals and cereal products,Cereal products
Cornbread,Cereals and cereal products,Flat breads
Cornmint,Herbs and Spices,Herbs
Cottonseed,Herbs and Spices,Oilseed crops
Couscous,Dishes,Berber cuisine
Cow,Milk and milk products,Unfermented milks
Cow,Milk and milk products,Unfermented milks
Cow,Milk and milk products,Unfermented milks
Cow,Milk and milk products,Unfermented milks
Cow,Milk and milk products,Unfermented milks
Cowpea,Pulses,Peas
Crab,Aquatic foods,Crustaceans
crab,Aquatic foods,Crustaceans
Crab,Fruits,Pomes
crab,Aquatic foods,Crustaceans
crab,Aquatic foods,Crustaceans
crab,Aquatic foods,Crustaceans
Cracker,Snack foods,Snack foods
cranberry,Fruits,Berries
cranberry,Fruits,Berries
Cranberry,Fruits,Berries
Crayfish,Aquatic foods,Crustaceans
Cream,Milk and milk products,Other milk products
Cream,Baking goods,Substitutes
cream,Confectioneries,Frozen desserts
cream,Soy,Soy products
cream,Baking goods,Wrappers
cress,Vegetables,Leaf vegetables
Crisp,Cereals and cereal products,Flat breads
croaker,Aquatic foods,Fishes
croaker,Aquatic foods,Fishes
crowberry,Fruits,Berries
crust,Baking goods,Wrappers
Crustaceans,Aquatic foods,Crustaceans
Cucumber,Gourds,Gourds
cucumber,Aquatic foods,Other aquatic foods
Cucurbita,Gourds,Gourds
Cumin,Herbs and Spices,Spices
CupuaÌ_u,Herbs and Spices,Oilseed crops
currant,Fruits,Berries
currant,Fruits,Berries
Curry,Herbs and Spices,Herb and spice mixtures
Cusk,Aquatic foods,Fishes
Custard,Fruits,Tropical fruits
custard,Confectioneries,Milk desserts
cut,Dishes,Ground meat
Cuttlefish,Aquatic foods,Mollusks
dab,Aquatic foods,Fishes
Dab,Aquatic foods,Fishes
Daikon,Vegetables,Root vegetables
Dandelion,Herbs and Spices,Herbs
Date,Fruits,Other fruits
de,Confectioneries,Spreads
Deer,Animal foods,Venison
deer,Animal foods,Venison
Deerberry,Fruits,Berries
dessert,Confectioneries,Desserts
dessert,Confectioneries,Frozen desserts
Devilfish,Aquatic foods,Fishes
Dill,Herbs and Spices,Herbs
dish,Dishes,Other dishes
dish,Dishes,Pasta dishes
Dock,Herbs and Spices,Herbs
dog,Dishes,Sandwiches
dogfish,Aquatic foods,Fishes
Dolphin,Aquatic foods,Fishes
Dolphin,Aquatic foods,Cetaceans
Domestic,Animal foods,Caprae
Domestic,Animal foods,Swine
Dough,Cereals and cereal products,Doughs
dough,Baking goods,Baking goods
Dove,Animal foods,Poultry
DragÌ©e,Confectioneries,Candies
dressing,Baking goods,Dressings
Dried,Milk and milk products,Other milk products
drink,Beverages,Nutritional beverages
drink,Beverages,Nutritional beverages
drink,Beverages,Other beverages
drink,Beverages,Other beverages
Dripping,Fats and oils,Animal fats
drum,Aquatic foods,Fishes
duck,Animal foods,Poultry
duck,Animal foods,Poultry
Duck,Animal foods,Poultry
Dulce,Confectioneries,Spreads
dulce,Cereals and cereal products,Leavened breads
Dumpling,Dishes,Other dishes
Dungeness,Aquatic foods,Crustaceans
Durian,Fruits,Tropical fruits
ear,Vegetables,Mushrooms
ear,Vegetables,Mushrooms
Eastern,Aquatic foods,Mollusks
Edible,Baking goods,Wrappers
eel,Aquatic foods,Fishes
Eel,Aquatic foods,Fishes
Egg,Dishes,Asian cuisine
Egg,Baking goods,Substitutes
Eggplant,Vegetables,Fruit vegetables
Eggs,Eggs,Eggs
Elderberry,Fruits,Berries
elderberry,Fruits,Berries
Elk,Animal foods,Venison
Elliott's,Fruits,Berries
Empanada,Dishes,Latin American cuisine
Emu,Animal foods,Poultry
Enchilada,Dishes,Mexican cuisine
Endive,Vegetables,Leaf vegetables
Energy,Beverages,Nutritional beverages
Enokitake,Vegetables,Mushrooms
Epazote,Herbs and Spices,Herbs
European,Fruits,Drupes
European,Fruits,Berries
European,Aquatic foods,Fishes
European,Nuts,Nuts
European,Animal foods,Lagomorphs
Evaporated,Milk and milk products,Other milk products
Evening,Herbs and Spices,Oilseed crops
Evergreen,Fruits,Berries
Falafel,Dishes,Other dishes
fat,Fats and oils,Animal fats
Fats,Fats and oils,Fats and oils
Feijoa,Fruits,Tropical fruits
Fennel,Herbs and Spices,Herbs
Fenugreek,Herbs and Spices,Herbs
fermented,Milk and milk products,Fermented milks
fern,Vegetables,Leaf vegetables
fern,Vegetables,Other vegetables
Fig,Fruits,Other fruits
filling,Baking goods,Baking goods
Fireweed,Herbs and Spices,Herbs
Fish,Dishes,Sandwiches
fish,Aquatic foods,Fishes
fish,Aquatic foods,Fish products
fish,Dishes,Jewish cuisine
Fishes,Aquatic foods,Fishes
fishes,Aquatic foods,Fishes
Flatfish,Aquatic foods,Fishes
Flaxseed,Herbs and Spices,Oilseed crops
Florida,Aquatic foods,Fishes
Flour,Cereals and cereal products,Cereal products
flower,Vegetables,Other vegetables
Focaccia,Cereals and cereal products,Flat breads
food,Baby foods,Baby foods
food,Unclassified,Unclassified
food,Dishes,Other dishes
food,Snack foods,Snack foods
foods,Animal foods,Animal foods
Fortified,Beverages,Fortified wines
Fox,Fruits,Berries
French,Fruits,Tropical fruits
French,Cereals and cereal products,Leavened breads
Freshwater,Aquatic foods,Fishes
Freshwater,Aquatic foods,Fishes
frog,Aquatic foods,Amphibians
Frozen,Confectioneries,Frozen desserts
frozen,Confectioneries,Frozen desserts
Fruit,Fruits,Fruit products
Fruit,Confectioneries,Candies
Fruit,Beverages,Other beverages
Fruit,Fruits,Fruit products
fruit,Fruits,Tropical fruits
fruit,Fruits,Tropical fruits
fruit,Fruits,Fruit products
Fruit-flavor,Beverages,Other beverages
Fruits,Fruits,Fruits
frutescens,Vegetables,Fruit vegetables
Frybread,Dishes,Other dishes
Fudge,Confectioneries,Candies
fungus,Vegetables,Mushrooms
Gadiformes,Aquatic foods,Fishes
Gadus,Aquatic foods,Fishes
Garden,Vegetables,Onion-family vegetables
Garden,Vegetables,Leaf vegetables
Garden,Vegetables,Stalk vegetables
Garden,Vegetables,Fruit vegetables
Garden,Vegetables,Fruit vegetables
Garden,Vegetables,Onion-family vegetables
Garfish,Aquatic foods,Fishes
Garland,Vegetables,Leaf vegetables
Garlic,Herbs and Spices,Herbs
garlic,Herbs and Spices,Herbs
Gefilte,Dishes,Jewish cuisine
Gelatin,Baking goods,Baking goods
Gelatin,Confectioneries,Desserts
German,Herbs and Spices,Herbs
Gin,Beverages,Distilled beverages
Ginger,Herbs and Spices,Spices
Ginkgo,Herbs and Spices,Other seeds
Ginseng,Herbs and Spices,Spices
Globe,Vegetables,Shoot vegetables
goat,Animal foods,Caprae
goose,Animal foods,Poultry
Goose,Animal foods,Poultry
Gooseberry,Fruits,Berries
Gourd,Gourds,Gourds
gourd,Gourds,Gourds
gourd,Gourds,Gourds
gourd,Gourds,Gourds
Gram,Pulses,Beans
Grape,Fruits,Berries
Grape,Beverages,Fermented beverages
grape,Fruits,Berries
grape,Fruits,Berries
grape,Fruits,Berries
grape,Fruits,Berries
Grapefruit,Fruits,Citrus
Grapefruit/Pummelo,Fruits,Citrus
Grass,Pulses,Peas
grass,Herbs and Spices,Herbs
gratin,Dishes,Potato dishes
Great,Animal foods,Poultry
Greater,Aquatic foods,Fishes
Green,Aquatic foods,Other aquatic foods
Green,Vegetables,Green vegetables
Green,Gourds,Gourds
Green,Vegetables,Fruit vegetables
Green,Pulses,Beans
Greenland,Aquatic foods,Fishes
Greenthread,Teas,Herbal teas
Greylag,Animal foods,Poultry
grits,Cereals and cereal products,Cereal products
ground,Animal foods,Rodents
Groundcherry,Vegetables,Fruit vegetables
groundcherry,Vegetables,Fruit vegetables
Grouper,Aquatic foods,Fishes
Guava,Fruits,Tropical fruits
guava,Fruits,Berries
Guinea,Animal foods,Poultry
gum,Confectioneries,Candies
gum,Confectioneries,Candies
Haddock,Aquatic foods,Fishes
haddock,Aquatic foods,Fishes
Hake,Aquatic foods,Fishes
Half-highbush,Fruits,Berries
halibut,Aquatic foods,Fishes
halibut,Aquatic foods,Fishes
halibut,Aquatic foods,Fishes
Halibut,Aquatic foods,Fishes
halibut/turbot,Aquatic foods,Fishes
Hamburger,Dishes,Sandwiches
Hard,Cereals and cereal products,Cereals
hare,Animal foods,Lagomorphs
Hazelnut,Nuts,Nuts
hazelnut,Nuts,Nuts
Heart,Vegetables,Other vegetables
Hedge,Herbs and Spices,Other seeds
hen,Animal foods,Poultry
Hen,Animal foods,Poultry
Herbs,Herbs and Spices,Herbs and Spices
herring,Aquatic foods,Fishes
herring,Aquatic foods,Fishes
Herring,Aquatic foods,Fishes
Hibiscus,Teas,Herbal teas
Hickory,Nuts,Nuts
Highbush,Fruits,Berries
hip,Herbs and Spices,Herbs
Hippoglossus,Aquatic foods,Fishes
Honey,Confectioneries,Other confectioneries
Horchata,Beverages,Other beverages
Horned,Gourds,Gourds
horned,Animal foods,Poultry
Horse,Animal foods,Equines
Horseradish,Herbs and Spices,Spices
Horseradish,Vegetables,Other vegetables
Hot,Cocoa and cocoa products,Cocoa products
Hot,Dishes,Sandwiches
huckleberry,Fruits,Berries
huckleberry,Fruits,Berries
huckleberry,Fruits,Berries
huckleberry,Fruits,Berries
huckleberry,Fruits,Berries
Huckleberry,Fruits,Berries
Hummus,Dishes,Levantine cuisine
Hushpuppy,Dishes,American cuisine
Hyacinth,Pulses,Beans
hybrid,Fruits,Citrus
Hyssop,Herbs and Spices,Herbs
Ice,Confectioneries,Frozen desserts
Ice,Baking goods,Wrappers
Icing,Confectioneries,Other confectioneries
Irish,Aquatic foods,Seaweed
Italian,Herbs and Spices,Herbs
Italian,Vegetables,Fruit vegetables
jack,Aquatic foods,Fishes
Jackfruit,Fruits,Tropical fruits
Japanese,Fruits,Tropical fruits
Japanese,Nuts,Nuts
Japanese,Nuts,Nuts
Japanese,Gourds,Gourds
Java,Fruits,Tropical fruits
Jellyfish,Aquatic foods,Other aquatic foods
Jerusalem,Vegetables,Tubers
Jew's,Vegetables,Mushrooms
Jicama,Vegetables,Root vegetables
Jostaberry,Fruits,Berries
juice,Beverages,Other beverages
juice,Beverages,Other beverages
Jujube,Fruits,Other fruits
Junket,Confectioneries,Milk desserts
Jute,Vegetables,Leaf vegetables
Kai-lan,Vegetables,Cabbages
Kale,Vegetables,Cabbages
Kefir,Milk and milk products,Fermented milks
Kelp,Aquatic foods,Seaweed
Ketchup,Baking goods,Condiments
King,Aquatic foods,Fishes
king,Aquatic foods,Crustaceans
Kiwi,Fruits,Tropical fruits
Kohlrabi,Vegetables,Root vegetables
Komatsuna,Vegetables,Cabbages
Kombu,Aquatic foods,Seaweed
Kumquat,Fruits,Tropical fruits
Lake,Aquatic foods,Fishes
Lamb,Animal foods,Ovis
Lambsquarters,Vegetables,Leaf vegetables
Lard,Fats and oils,Animal fats
Lasagna,Dishes,Pasta dishes
laver,Aquatic foods,Seaweed
leaf,Herbs and Spices,Herbs
Leather,Aquatic foods,Mollusks
Leavening,Baking goods,Baking goods
leaves,Herbs and Spices,Herbs
leaves,Vegetables,Leaf vegetables
leche,Confectioneries,Spreads
Leek,Vegetables,Onion-family vegetables
leek,Vegetables,Onion-family vegetables
Lemon,Herbs and Spices,Herbs
Lemon,Fruits,Citrus
Lemon,Herbs and Spices,Herbs
Lemon,Herbs and Spices,Herbs
Lemon,Herbs and Spices,Herbs
Lemon,Aquatic foods,Fishes
Lentils,Pulses,Lentils
Lettuce,Vegetables,Leaf vegetables
lettuce,Vegetables,Leaf vegetables
Lichee,Fruits,Tropical fruits
Lima,Pulses,Beans
Lime,Fruits,Citrus
lime,Fruits,Citrus
Linden,Herbs and Spices,Herbs
linden,Herbs and Spices,Herbs
linden,Herbs and Spices,Herbs
ling,Aquatic foods,Fishes
Lingcod,Aquatic foods,Fishes
Lingonberry,Fruits,Berries
lion,Aquatic foods,Pinnipeds
Liquor,Beverages,Distilled beverages
liquor,Cocoa and cocoa products,Cocoa products
Liquorice,Confectioneries,Candies
lobster,Aquatic foods,Crustaceans
lobster,Aquatic foods,Crustaceans
lobster,Aquatic foods,Crustaceans
lobster,Aquatic foods,Crustaceans
Loganberry,Fruits,Berries
Longan,Fruits,Tropical fruits
Loquat,Fruits,Tropical fruits
Lotus,Herbs and Spices,Other seeds
lotus,Vegetables,Other vegetables
Lovage,Herbs and Spices,Herbs
Lowbush,Fruits,Berries
Lumpsucker,Aquatic foods,Fishes
Lupine,Pulses,Other pulses
lupine,Pulses,Other pulses
M.,Nuts,Nuts
Macadamia,Nuts,Nuts
Macadamia,Nuts,Nuts
Macaroni,Dishes,Pasta dishes
mackerel,Aquatic foods,Fishes
mackerel,Aquatic foods,Fishes
mackerel,Aquatic foods,Fishes
mackerel,Aquatic foods,Fishes
Mackerel,Aquatic foods,Fishes
Madeira,Beverages,Fortified wines
Maitake,Vegetables,Mushrooms
Malabar,Vegetables,Leaf vegetables
Malabar,Fruits,Tropical fruits
Mallard,Animal foods,Poultry
Malus,Fruits,Pomes
Mamey,Fruits,Tropical fruits
mammals,Milk and milk products,Unfermented milks
Mammee,Fruits,Tropical fruits
Mandarin,Fruits,Citrus
Mango,Fruits,Tropical fruits
mangosteen,Fruits,Tropical fruits
Margarine,Fats and oils,Vegetable fats
Margarine-like,Fats and oils,Vegetable fats
Marine,Aquatic foods,Mollusks
marjoram,Herbs and Spices,Herbs
marjoram,Herbs and Spices,Herbs
Marshmallow,Confectioneries,Candies
Marzipan,Confectioneries,Other confectioneries
Meat,Baking goods,Baking goods
meat,Animal foods,Meat products
Meatball,Dishes,Ground meat
Meatloaf,Dishes,Ground meat
Medlar,Fruits,Pomes
melon,Gourds,Gourds
menhaden,Aquatic foods,Fishes
Mentha,Herbs and Spices,Herbs
Meringue,Confectioneries,Other confectioneries
Mexican,Herbs and Spices,Herbs
Mexican,Vegetables,Fruit vegetables
Milk,Milk and milk products,Unfermented milks
Milk,Milk and milk products,Unfermented milks
Milk,Milk and milk products,Unfermented milks
Milk,Baking goods,Substitutes
Milk,Milk and milk products,Milk and milk products
milk,Milk and milk products,Other milk products
milk,Soy,Soy products
milk,Milk and milk products,Other milk products
milk,Milk and milk products,Other milk products
milk,Milk and milk products,Unfermented milks
milk,Milk and milk products,Unfermented milks
milk,Milk and milk products,Unfermented milks
milk,Milk and milk products,Unfermented milks
milk,Milk and milk products,Fermented milks
milk,Milk and milk products,Milk and milk products
Milkfish,Aquatic foods,Fishes
Milkshake,Confectioneries,Frozen desserts
Millet,Cereals and cereal products,Cereals
Mint,Herbs and Spices,Herbs
mint,Herbs and Spices,Herbs
Miso,Soy,Soy products
mix,Snack foods,Snack foods
Mixed,Nuts,Nuts
mocha,Coffee and coffee products,Coffee products
Molasses,Baking goods,Baking goods
Mollusks,Aquatic foods,Mollusks
Monkfish,Aquatic foods,Fishes
Moose,Animal foods,Venison
Morchella,Vegetables,Mushrooms
Morel,Vegetables,Mushrooms
moss,Aquatic foods,Seaweed
Moth,Pulses,Beans
Mountain,Vegetables,Tubers
Mountain,Animal foods,Lagomorphs
mousse,Confectioneries,Desserts
Mugwort,Herbs and Spices,Herbs
Mulberry,Fruits,Berries
mulberry,Fruits,Berries
Mule,Animal foods,Venison
mullet,Aquatic foods,Fishes
Multigrain,Cereals and cereal products,Leavened breads
Mung,Pulses,Beans
Muscadine,Fruits,Berries
mushroom,Vegetables,Mushrooms
mushroom,Vegetables,Mushrooms
Mushrooms,Vegetables,Mushrooms
Muskmelon,Gourds,Gourds
Muskrat,Animal foods,Rodents
mussel,Aquatic foods,Mollusks
mussel,Aquatic foods,Mollusks
Mussel,Aquatic foods,Mollusks
Mustard,Vegetables,Cabbages
Mustard,Baking goods,Condiments
mustard,Vegetables,Cabbages
mustard,Herbs and Spices,Spices
mustard,Herbs and Spices,Other seeds
Mutton,Animal foods,Ovis
Nachos,Dishes,Tex-Mex cuisine
Nance,Fruits,Tropical fruits
Nanking,Fruits,Berries
Napa,Vegetables,Cabbages
Naranjilla,Fruits,Tropical fruits
Narrowleaf,Vegetables,Other vegetables
Natal,Fruits,Tropical fruits
Natto,Soy,Soy products
Nectarine,Fruits,Drupes
New,Vegetables,Leaf vegetables
Nopal,Vegetables,Other vegetables
North,Aquatic foods,Mollusks
Northern,Aquatic foods,Fishes
Northern,Aquatic foods,Fishes
Norway,Aquatic foods,Fishes
Norway,Aquatic foods,Crustaceans
Norway,Aquatic foods,Fishes
Nougat,Confectioneries,Other confectioneries
nut,Nuts,Nuts
nut,Nuts,Nuts
nut,Nuts,Nuts
nut,Nuts,Nuts
nut,Nuts,Nuts
nut,Nuts,Nuts
nut,Nuts,Nuts
nut,Nuts,Nuts
nut,Nuts,Nuts
Nutmeg,Herbs and Spices,Spices
Nutritional,Beverages,Nutritional beverages
Nuts,Nuts,Nuts
nuts,Herbs and Spices,Other seeds
nuts,Nuts,Nuts
Nuttall,Aquatic foods,Mollusks
Oat,Cereals and cereal products,Cereals
Oat,Cereals and cereal products,Leavened breads
Ocean,Aquatic foods,Fishes
ocean,Aquatic foods,Fishes
octopus,Aquatic foods,Mollusks
octopus,Aquatic foods,Mollusks
of,Vegetables,Other vegetables
Ohelo,Fruits,Berries
Oil,Herbs and Spices,Oilseed crops
oil,Baking goods,Baking goods
Oil-seed,Herbs and Spices,Oilseed crops
oils,Fats and oils,Fats and oils
Okra,Vegetables,Other vegetables
Olive,Vegetables,Fruit vegetables
Onion,Vegetables,Onion-family vegetables
onion,Vegetables,Onion-family vegetables
onion,Vegetables,Onion-family vegetables
onion,Herbs and Spices,Herbs
Onion-family,Vegetables,Onion-family vegetables
Opium,Herbs and Spices,Spices
Opossum,Animal foods,Marsupials
or,Unclassified,Unclassified
Orange,Herbs and Spices,Herbs
Orange,Aquatic foods,Fishes
Orange,Vegetables,Fruit vegetables
orange,Fruits,Citrus
orange,Fruits,Citrus
oregano,Herbs and Spices,Herbs
oregano,Herbs and Spices,Herbs
oregano,Herbs and Spices,Herbs
Oregon,Vegetables,Root vegetables
Oriental,Cereals and cereal products,Cereals
Ostrich,Animal foods,Poultry
Ostrich,Vegetables,Leaf vegetables
Oval-leaf,Fruits,Berries
owl,Animal foods,Poultry
Oxheart,Vegetables,Cabbages
Oyster,Vegetables,Mushrooms
oyster,Aquatic foods,Mollusks
oyster,Aquatic foods,Mollusks
oyster,Aquatic foods,Mollusks
Oyster,Aquatic foods,Mollusks
Pacific,Aquatic foods,Fishes
Pacific,Aquatic foods,Fishes
Pacific,Aquatic foods,Fishes
Pacific,Aquatic foods,Mollusks
Pacific,Aquatic foods,Fishes
Pacific,Aquatic foods,Fishes
Pacific,Aquatic foods,Fishes
Pacific,Aquatic foods,Fishes
Pacific,Aquatic foods,Fishes
Pacific,Aquatic foods,Mollusks
Painted,Aquatic foods,Fishes
Pak,Vegetables,Cabbages
palm,Herbs and Spices,Oilseed crops
palm,Herbs and Spices,Oilseed crops
palm,Herbs and Spices,Oilseed crops
palm,Vegetables,Other vegetables
Pan,Cereals and cereal products,Leavened breads
Pancake,Dishes,Other dishes
Papaya,Fruits,Tropical fruits
Parsley,Herbs and Spices,Herbs
Parsnip,Vegetables,Root vegetables
Passion,Fruits,Tropical fruits
Pasta,Cereals and cereal products,Cereal products
pasta,Dishes,Pasta dishes
pasteurized,Milk and milk products,Unfermented milks
pasteurized,Milk and milk products,Unfermented milks
pasteurized,Milk and milk products,Unfermented milks
pasteurized,Milk and milk products,Unfermented milks
Pastry,Confectioneries,Desserts
Pate,Dishes,Ground meat
pattypan,Gourds,Gourds
pea,Pulses,Peas
pea,Pulses,Peas
pea,Pulses,Peas
pea,Pulses,Peas
pea,Pulses,Peas
Peach,Fruits,Drupes
Peach,Fruits,Drupes
Peanut,Nuts,Nuts
Pear,Fruits,Pomes
pear,Fruits,Pomes
pear,Fruits,Tropical fruits
pear,Fruits,Tropical fruits
pearl,Baking goods,Baking goods
Pecan,Nuts,Nuts
Pectin,Baking goods,Baking goods
Pepper,Vegetables,Fruit vegetables
Pepper,Herbs and Spices,Spices
Pepper,Vegetables,Fruit vegetables
Pepper,Vegetables,Fruit vegetables
Pepper,Vegetables,Fruit vegetables
Pepper,Vegetables,Fruit vegetables
Pepper,Vegetables,Fruit vegetables
pepper,Vegetables,Fruit vegetables
pepper,Vegetables,Fruit vegetables
pepper,Vegetables,Fruit vegetables
pepper,Vegetables,Fruit vegetables
pepper,Vegetables,Fruit vegetables
Peppermint,Herbs and Spices,Herbs
perch,Aquatic foods,Fishes
Perch-like,Aquatic foods,Fishes
Perciformes,Aquatic foods,Fishes
Percoidei,Aquatic foods,Fishes
Persian,Fruits,Citrus
Persimmon,Fruits,Tropical fruits
persimmon,Fruits,Tropical fruits
persimmon,Fruits,Tropical fruits
Pheasant,Animal foods,Poultry
Phyllo,Baking goods,Baking goods
Pie,Baking goods,Wrappers
Pie,Baking goods,Baking goods
Pie,Confectioneries,Desserts
pie,Dishes,Other dishes
pig,Animal foods,Swine
Pigeon,Pulses,Peas
Pigeon,Animal foods,Poultry
Piglet,Animal foods,Swine
pike,Aquatic foods,Fishes
Pikeperch,Aquatic foods,Fishes
Piki,Cereals and cereal products,Flat breads
Pili,Nuts,Nuts
Pine,Nuts,Nuts
Pineapple,Fruits,Tropical fruits
Pineappple,Herbs and Spices,Herbs
Pink,Aquatic foods,Fishes
pinyon,Nuts,Nuts
Pistachio,Nuts,Nuts
Pita,Cereals and cereal products,Flat breads
Pitanga,Fruits,Tropical fruits
Pizza,Dishes,Other dishes
Plaice,Aquatic foods,Fishes
Plains,Fruits,Tropical fruits
plantain,Fruits,Tropical fruits
Pleuronectidae,Aquatic foods,Fishes
plum,Fruits,Drupes
plum,Fruits,Tropical fruits
plum,Fruits,Tropical fruits
plum,Fruits,Tropical fruits
Plum,Fruits,Drupes
pokeweed,Vegetables,Shoot vegetables
Polar,Animal foods,Other mammals
Pollock,Aquatic foods,Fishes
pollock,Aquatic foods,Fishes
pollock,Aquatic foods,Fishes
pollock,Aquatic foods,Fishes
Pomegranate,Fruits,Tropical fruits
Pomes,Fruits,Pomes
pompano,Aquatic foods,Fishes
pond-lily,Herbs and Spices,Herbs
Popcorn,Snack foods,Snack foods
Poppy,Herbs and Spices,Oilseed crops
poppy,Herbs and Spices,Spices
Pork,Animal foods,Swine
Porpoise,Aquatic foods,Cetaceans
Port,Beverages,Fortified wines
Pot,Herbs and Spices,Herbs
Pot,Dishes,Other dishes
Potato,Vegetables,Tubers
Potato,Snack foods,Snack foods
Potato,Cereals and cereal products,Other breads
Potato,Dishes,Potato dishes
Potato,Dishes,Potato dishes
potato,Vegetables,Tubers
potato,Dishes,Potato dishes
pout,Aquatic foods,Fishes
pout,Aquatic foods,Fishes
powder,Herbs and Spices,Herb and spice mixtures
powder,Cocoa and cocoa products,Cocoa products
Prairie,Vegetables,Root vegetables
preserve,Fruits,Fruit products
Prickly,Fruits,Tropical fruits
prickly,Fruits,Tropical fruits
primrose,Herbs and Spices,Oilseed crops
Processed,Milk and milk products,Fermented milk products
Prunus,Fruits,Drupes
ptarmigan,Animal foods,Poultry
pubescens,Vegetables,Fruit vegetables
Pudding,Confectioneries,Desserts
puffs,Dishes,Potato dishes
Pulses,Pulses,Pulses
Pummelo,Fruits,Citrus
pumpkin,Gourds,Gourds
Pumpkinseed,Aquatic foods,Fishes
Pupusa,Dishes,Latin American cuisine
Purple,Fruits,Tropical fruits
Purple,Aquatic foods,Seaweed
Purslane,Herbs and Spices,Herbs
Quail,Animal foods,Poultry
Quesadilla,Dishes,Mexican cuisine
Quince,Fruits,Pomes
Quinoa,Herbs and Spices,Other seeds
Rabbit,Animal foods,Lagomorphs
rabbit,Animal foods,Lagomorphs
Raccoon,Animal foods,Other mammals
Radish,Vegetables,Root vegetables
Radish,Vegetables,Root vegetables
radish,Vegetables,Root vegetables
radish,Vegetables,Root vegetables
Rainbow,Aquatic foods,Fishes
Rainbow,Aquatic foods,Fishes
Raisin,Cereals and cereal products,Sweet breads
Rambutan,Fruits,Tropical fruits
Rape,Vegetables,Root vegetables
Rapini,Vegetables,Cabbages
raspberry,Fruits,Berries
raspberry,Fruits,Berries
Raspberry,Fruits,Berries
Ravioli,Dishes,Pasta dishes
Red,Fruits,Berries
Red,Fruits,Berries
Red,Cereals and cereal products,Cereals
Red,Vegetables,Root vegetables
Red,Aquatic foods,Crustaceans
Red,Aquatic foods,Seaweed
Red,Vegetables,Fruit vegetables
red,Vegetables,Fruit vegetables
Redcurrant,Fruits,Berries
Relish,Baking goods,Condiments
Remoulade,Baking goods,Condiments
rhubarb,Vegetables,Stalk vegetables
rhubarb,Vegetables,Stalk vegetables
Rice,Cereals and cereal products,Cereals
Rice,Dishes,Asian cuisine
Rice,Cereals and cereal products,Leavened breads
rice,Cereals and cereal products,Cereals
rice,Cereals and cereal products,Cereals
rice,Cereals and cereal products,Cereals
Ringed,Aquatic foods,Pinnipeds
Robusta,Coffee and coffee products,Coffee
Rock,Animal foods,Poultry
Rocket,Vegetables,Leaf vegetables
Rocket,Vegetables,Leaf vegetables
rockfish,Aquatic foods,Fishes
Roe,Aquatic foods,Roe
roll,Dishes,Asian cuisine
Romaine,Vegetables,Leaf vegetables
Roman,Herbs and Spices,Herbs
Rooster,Animal foods,Poultry
Root,Vegetables,Root vegetables
roots,Vegetables,Root vegetables
Rose,Herbs and Spices,Herbs
Roselle,Herbs and Spices,Herbs
Rosemary,Herbs and Spices,Herbs
roughy,Aquatic foods,Fishes
Rowal,Herbs and Spices,Other seeds
Rowanberry,Fruits,Berries
rowanberry,Fruits,Berries
Rubus,Fruits,Berries
Rum,Beverages,Distilled beverages
Rye,Cereals and cereal products,Cereals
Rye,Cereals and cereal products,Leavened breads
Sablefish,Aquatic foods,Fishes
Sacred,Vegetables,Other vegetables
Safflower,Herbs and Spices,Oilseed crops
Saffron,Herbs and Spices,Spices
sage,Herbs and Spices,Herbs
sage,Herbs and Spices,Herbs
Sago,Herbs and Spices,Oilseed crops
Sake,Beverages,Fermented beverages
Salad,Baking goods,Dressings
Salad,Dishes,Other dishes
salad,Vegetables,Leaf vegetables
salad,Vegetables,Leaf vegetables
salad,Vegetables,Leaf vegetables
salad,Fruits,Fruit products
salmon,Aquatic foods,Fishes
salmon,Aquatic foods,Fishes
salmon,Aquatic foods,Fishes
salmon,Aquatic foods,Fishes
salmon,Aquatic foods,Fishes
salmon,Aquatic foods,Fishes
Salmon,Aquatic foods,Fishes
salmon,Aquatic foods,Fishes
Salmonberry,Fruits,Berries
Salmonidae,Aquatic foods,Fishes
salsify,Vegetables,Root vegetables
salsify,Vegetables,Root vegetables
Salt,Baking goods,Seasonings
sandwich,Dishes,Sandwiches
sandwich,Dishes,Sandwiches
Sapodilla,Fruits,Tropical fruits
sapote,Fruits,Tropical fruits
sardine,Aquatic foods,Fishes
Sardine,Aquatic foods,Fishes
Saskatoon,Fruits,Berries
Sauce,Baking goods,Sauces
sauce,Soy,Soy products
Sausage,Dishes,Ground meat
savory,Herbs and Spices,Herbs
savory,Herbs and Spices,Herbs
Savoy,Vegetables,Cabbages
Scallop,Aquatic foods,Mollusks
Scarlet,Pulses,Beans
Scombridae,Aquatic foods,Fishes
Scrapple,Dishes,American cuisine
Scup,Aquatic foods,Fishes
Sea,Aquatic foods,Other aquatic foods
sea,Aquatic foods,Pinnipeds
Sea-buckthornberry,Fruits,Berries
seal,Aquatic foods,Pinnipeds
seal,Aquatic foods,Pinnipeds
seal,Aquatic foods,Pinnipeds
seal,Aquatic foods,Pinnipeds
Seatrout,Aquatic foods,Fishes
seed,Herbs and Spices,Other seeds
Semolina,Cereals and cereal products,Cereal products
Sesame,Herbs and Spices,Oilseed crops
Sesbania,Vegetables,Other vegetables
shad,Aquatic foods,Fishes
Shallot,Vegetables,Onion-family vegetables
Shark,Aquatic foods,Fishes
Shea,Herbs and Spices,Oilseed crops
Sheefish,Aquatic foods,Fishes
Sheep,Animal foods,Ovis
Sheepshead,Aquatic foods,Fishes
shell,Baking goods,Wrappers
Sherry,Beverages,Fortified wines
Shiitake,Vegetables,Mushrooms
shoots,Vegetables,Shoot vegetables
Shortening,Fats and oils,Vegetable fats
Shrimp,Aquatic foods,Crustaceans
Silver,Herbs and Spices,Herbs
Skipjack,Aquatic foods,Fishes
Skunk,Fruits,Berries
Small-leaf,Herbs and Spices,Herbs
Smelt,Aquatic foods,Fishes
smelt,Aquatic foods,Fishes
Snack,Snack foods,Snack foods
snack,Snack foods,Snack foods
Snail,Aquatic foods,Mollusks
Snapper,Aquatic foods,Fishes
Snow,Aquatic foods,Crustaceans
Sockeye,Aquatic foods,Fishes
Soft,Beverages,Other beverages
Soft-necked,Herbs and Spices,Herbs
sole,Aquatic foods,Fishes
sole,Aquatic foods,Fishes
Sorghum,Cereals and cereal products,Cereals
Sorrel,Herbs and Spices,Herbs
Soup,Dishes,Other dishes
Sour,Fruits,Drupes
Sourdock,Herbs and Spices,Herbs
Sourdough,Cereals and cereal products,Doughs
Soursop,Fruits,Tropical fruits
Soy,Soy,Soy
Soy,Soy,Soy products
Soy,Soy,Soy products
Soy,Soy,Soy products
Soy,Soy,Soy products
soy,Soy,Soy products
Spanish,Aquatic foods,Fishes
Sparkleberry,Fruits,Berries
Spearmint,Herbs and Spices,Herbs
Spelt,Cereals and cereal products,Cereals
Spice,Herbs and Spices,Spices
Spices,Herbs and Spices,Herbs and Spices
Spinach,Vegetables,Leaf vegetables
spinach,Vegetables,Leaf vegetables
spinach,Vegetables,Cabbages
spinach,Vegetables,Leaf vegetables
Spiny,Aquatic foods,Crustaceans
Spiny,Aquatic foods,Fishes
Spirit,Beverages,Distilled beverages
Spirulina,Aquatic foods,Seaweed
Spot,Aquatic foods,Fishes
Spotted,Aquatic foods,Pinnipeds
Sprat,Aquatic foods,Fishes
Spread,Baking goods,Baking goods
spread,Confectioneries,Spreads
spread,Fats and oils,Vegetable fats
sprouts,Vegetables,Cabbages
Squab,Animal foods,Poultry
squash,Gourds,Gourds
squash,Gourds,Gourds
squash,Gourds,Gourds
squash,Gourds,Gourds
Squashberry,Fruits,Berries
Squid,Aquatic foods,Mollusks
Squirrel,Animal foods,Rodents
squirrel,Animal foods,Rodents
stalks,Vegetables,Stalk vegetables
Star,Fruits,Tropical fruits
Star,Herbs and Spices,Spices
Steller,Aquatic foods,Pinnipeds
Stew,Dishes,Other dishes
Strawberry,Fruits,Berries
Strawberry,Fruits,Berries
Striped,Aquatic foods,Fishes
Striped,Aquatic foods,Fishes
Stuffing,Baking goods,Baking goods
Sturgeon,Aquatic foods,Fishes
sturgeon,Aquatic foods,Fishes
substitute,Baking goods,Substitutes
substitute,Baking goods,Substitutes
substitute,Baking goods,Substitutes
substitute,Baking goods,Substitutes
substitute,Baking goods,Substitutes
substitute,Baking goods,Substitutes
Succotash,Dishes,American cuisine
sucker,Aquatic foods,Fishes
Sugar,Fruits,Tropical fruits
Sugar,Baking goods,Sugars
Sugar,Baking goods,Substitutes
Summer,Herbs and Spices,Herbs
Summer,Fruits,Berries
Sunburst,Gourds,Gourds
sunfish,Aquatic foods,Fishes
Sunflower,Herbs and Spices,Oilseed crops
Swamp,Vegetables,Leaf vegetables
Swan,Animal foods,Poultry
Swede,Vegetables,Root vegetables
Sweet,Fruits,Citrus
Sweet,Vegetables,Tubers
Sweet,Herbs and Spices,Herbs
Sweet,Herbs and Spices,Herbs
Sweet,Herbs and Spices,Herbs
Sweet,Fruits,Drupes
Sweet,Fruits,Berries
Sweet,Confectioneries,Milk desserts
sweet,Vegetables,Fruit vegetables
sweetvetch,Vegetables,Root vegetables
Swiss,Vegetables,Leaf vegetables
Swordfish,Aquatic foods,Fishes
Syrup,Baking goods,Baking goods
Taco,Dishes,Tex-Mex cuisine
Tallow,Fats and oils,Animal fats
Tamale,Dishes,Latin American cuisine
Tamarind,Fruits,Tropical fruits
Tangerine,Fruits,Citrus
Tapioca,Baking goods,Baking goods
Taro,Vegetables,Root vegetables
Tarragon,Herbs and Spices,Herbs
Tartary,Cereals and cereal products,Cereals
Tea,Teas,Teas
Tea,Herbs and Spices,Herbs
tea,Teas,Herbal teas
tea,Teas,Herbal teas
Teff,Herbs and Spices,Herbs
tetraphylla,Nuts,Nuts
Thistle,Vegetables,Root vegetables
Thunnus,Aquatic foods,Fishes
thyme,Herbs and Spices,Herbs
thyme,Herbs and Spices,Herbs
Tilapia,Aquatic foods,Fishes
Tilefish,Aquatic foods,Fishes
Tinda,Gourds,Gourds
toast,Cereals and cereal products,Leavened breads
Toffee,Confectioneries,Other confectioneries
Tofu,Soy,Soy products
tomato,Vegetables,Fruit vegetables
tomato,Vegetables,Fruit vegetables
tomato,Vegetables,Fruit vegetables
Topping,Baking goods,Baking goods
Tortilla,Cereals and cereal products,Flat breads
Tortilla,Snack foods,Snack foods
Tostada,Dishes,Mexican cuisine
Towel,Gourds,Gourds
Trail,Snack foods,Snack foods
Tree,Vegetables,Other vegetables
tree,Herbs and Spices,Other seeds
tree,Vegetables,Other vegetables
tree,Herbs and Spices,Oilseed crops
Triticale,Cereals and cereal products,Cereals
Tronchuda,Vegetables,Cabbages
trout,Aquatic foods,Fishes
trout,Aquatic foods,Fishes
Trout,Aquatic foods,Fishes
tuna,Aquatic foods,Fishes
tuna,Aquatic foods,Fishes
tuna,Aquatic foods,Fishes
tuna,Aquatic foods,Fishes
tuna,Aquatic foods,Fishes
Tuna,Aquatic foods,Fishes
Tunicate,Aquatic foods,Other aquatic foods
Turbot,Aquatic foods,Fishes
Turkey,Animal foods,Poultry
Turmeric,Herbs and Spices,Spices
Turnip,Herbs and Spices,Herbs
turnip,Vegetables,Root vegetables
turtle,Aquatic foods,Other aquatic foods
Ucuhuba,Herbs and Spices,Oilseed crops
Unclassified,Unclassified,Unclassified
Vaccinium,Fruits,Berries
Vanilla,Herbs and Spices,Spices
Veal,Animal foods,Bovines
Vegetable,Beverages,Other beverages
vegetable,Vegetables,Vegetable products
vegetables,Vegetables,Onion-family vegetables
vegetables,Vegetables,Green vegetables
vegetables,Vegetables,Root vegetables
Vegetarian,Dishes,Other dishes
Veggie,Dishes,Sandwiches
Velvet,Animal foods,Poultry
verbena,Herbs and Spices,Herbs
verbena,Herbs and Spices,Herbs
Vermouth,Beverages,Fortified wines
Vinegar,Baking goods,Seasonings
vitamin,Milk and milk products,Unfermented milks
vitamin,Milk and milk products,Unfermented milks
vitamin,Milk and milk products,Unfermented milks
vitamin,Milk and milk products,Unfermented milks
Vodka,Beverages,Distilled beverages
Waffle,Dishes,Other dishes
Wakame,Aquatic foods,Seaweed
Walleye,Aquatic foods,Fishes
Walnut,Nuts,Nuts
walnut,Nuts,Nuts
walnut,Nuts,Nuts
walnut,Nuts,Nuts
Walrus,Aquatic foods,Pinnipeds
Wasabi,Herbs and Spices,Spices
Water,Beverages,Waters
water,Vegetables,Other vegetables
Watercress,Herbs and Spices,Herbs
Watermelon,Gourds,Gourds
Wax,Fruits,Tropical fruits
Wax,Gourds,Gourds
wax,Pulses,Beans
Welsh,Herbs and Spices,Herbs
whale,Aquatic foods,Cetaceans
whale,Aquatic foods,Cetaceans
Whale,Aquatic foods,Cetaceans
Wheat,Cereals and cereal products,Cereals
Wheat,Cereals and cereal products,Leavened breads
wheat,Cereals and cereal products,Cereals
wheat,Cereals and cereal products,Cereals
wheat,Cereals and cereal products,Cereals
Whelk,Aquatic foods,Mollusks
Whey,Milk and milk products,Other milk products
Whisky,Beverages,Distilled beverages
White,Pulses,Other pulses
White,Herbs and Spices,Spices
White,Aquatic foods,Fishes
White,Vegetables,Cabbages
Whitefish,Aquatic foods,Fishes
whitefish,Aquatic foods,Fishes
Whiting,Aquatic foods,Fishes
whiting,Aquatic foods,Fishes
Wild,Herbs and Spices,Spices
Wild,Vegetables,Root vegetables
Wild,Animal foods,Swine
Wild,Vegetables,Onion-family vegetables
Wild,Cereals and cereal products,Cereals
wild,Cereals and cereal products,Cereals
wild,Vegetables,Stalk vegetables
willow,Herbs and Spices,Herbs
wine,Beverages,Fortified wines
wine,Beverages,Fermented beverages
wine,Beverages,Fermented beverages
wine,Beverages,Fermented beverages
wine,Beverages,Fortified wines
wine,Beverages,Fortified wines
Winged,Pulses,Beans
Winter,Herbs and Spices,Herbs
Winter,Gourds,Gourds
wolffish,Aquatic foods,Fishes
Wonton,Baking goods,Wrappers
wrapper,Baking goods,Wrappers
Yam,Vegetables,Tubers
yam,Vegetables,Tubers
yampah,Vegetables,Root vegetables
Yardlong,Pulses,Peas
Yautia,Vegetables,Leaf vegetables
Yellow,Herbs and Spices,Herbs
Yellow,Gourds,Gourds
Yellow,Vegetables,Fruit vegetables
Yellow,Pulses,Beans
Yellowfin,Aquatic foods,Fishes
Yellowtail,Aquatic foods,Fishes
Ymer,Milk and milk products,Fermented milk products
Yogurt,Milk and milk products,Fermented milk products
yogurt,Soy,Soy products
yogurt,Confectioneries,Frozen desserts
Zealand,Vegetables,Leaf vegetables
zucchini,Gourds,Gourds
zucchini,Gourds,Gourds
Zwieback,Cereals and cereal products,Leavened breads